{"SeO2": 110.96, "en": 60.0983, "4AP": 94.1145, "4AB": 122.1677, "2,6-dmpip": 114.1888, "R-2-mpip": 100.1622, "R-3-apyrHCl": 159.057, "1,2-aepip": 129.2034, "1,6-dah": 116.2046, "tmed": 116.2046, "tbaBr": 322.368, "2,5-dmpip": 114.1888, "1,2-dap": 74.1249, "2-mpyz": 94.1145, "3-apyrHCl": 159.057, "1,4-dmpip": 114.1888, "1-mpip": 100.1622, "Na2CO3": 105.9884, "chea": 99.1741, "pip": 86.1356, "hmta": 140.1863, "deed": 116.2046, "bapp": 200.3244, "HF": 20.00634, "V2O5": 90.94, "dach": 114.1888, "imid": 68.0773, "S-2-mpip": 34.081, "dmeed": 116.2046, "hpip": 100.1622, "S-3-apyrHCl": 159.057, "1,7-dah": 130.2312, "dabco": 112.1729, "VOSO4": 163.004, "MoO3": 143.94, "3AP": 86.1356, "1,9-dan": 158.2844, "PD": 108.1411, "3-apdinHCl": 173.084, "2-mpip": 100.1622, "S-3-apyr": 86.1356, "1,3-dap": 74.1249, "1-epip": 114.1888, "S-3-apdinHCl": 173.084, "pyz": 116.2046, "Li2CO3": 73.891, "1,5-dap": 102.1781, "NaVO3": 121.9295, "H2SeO4": 144.97, "Na2C2O4": 133.9985, "H2SeO3": 128.97, "Na2TeO3": 221.6, "water": 18.0153, "teta": 146.2339, "dmed": 88.1515, "aqnHCl": 199.121, "R-aqnHCl": 199.121, "R-3-apdinHCl": 173.084, "2,5-dmpyz": 108.1411, "NaF": 41.9881725, "amep": 128.2153, "S-aqnHCl": 199.121, "2-aoct": 129.2432, "1,8-dao": 144.2578, "1,4-dab": 88.1515, "KVO3": 138.038, "aep": 129.2034, "LiVO3": 105.881, "1-mha": 129.2432, "Lys": 146.1876, "deta": 103.1661, "H2SO4": 98.078, "tren": 146.2339, "1,2-dach": 114.1888, "aepp": 129.2034, "Na2SeO3": 172.94, "Ala": 89.0932, "2-ahep": 115.2166, "1,4-dmpipHCl": 150.65, "1-mhep": 114.2285, "NH4VO3": 116.9782, "3-aqn": 126.1995, "TeO2": 159.6, "CuCl2*2H2O": 170.483}
